size (bytes),iterations,min_time (seconds),max_time (seconds),avg_time (seconds)
0,1048576,4.374092388142498e-8,2.7553004741666646e-7,4.8128681436176375e-8
1,1048576,1.116869932174621e-6,1.121724729537868e-6,1.1209613633453955e-6
2,1048576,1.0927554435733047e-6,1.0971295566560201e-6,1.0965567964315106e-6
4,1048576,1.1322519693373456e-6,1.1365820598605038e-6,1.1359282156527003e-6
8,1048576,1.0730282573699112e-6,1.0831095981600123e-6,1.0824877682924116e-6
16,1048576,1.1184179935455118e-6,1.2052680196765297e-6,1.202039179578446e-6
32,1048576,1.5300199260713662e-6,1.6078613853455237e-6,1.586269188880858e-6
64,1048576,1.8253926620484844e-6,1.9011928958901442e-6,1.8791591296791906e-6
128,1048576,2.2595820655827697e-6,2.3580858297358426e-6,2.355891940355335e-6
256,1048576,2.950397700309739e-6,3.0370466642383184e-6,3.0292307145596393e-6
512,1048576,4.218831730841222e-6,5.168148424149035e-6,4.728137658148836e-6
1024,1048576,6.511837314606474e-6,8.298589667320866e-6,7.427821596875695e-6
2048,524288,1.0564180021290385e-5,1.4286877967840822e-5,1.2433185193419996e-5
4096,262144,2.0612831340797647e-5,2.7201754158019643e-5,2.3920253631651585e-5
8192,131072,6.184229057311e-5,6.186315208435168e-5,6.185986263406225e-5
16384,65536,0.00013402620997620361,0.00013405216833495119,0.0001340474370386575
32768,32768,0.00022985849670404085,0.00022988239044188221,0.0002298764722585689
65536,16384,0.0004247823533936358,0.0004248417606202244,0.0004248309223356257
131072,8192,0.0008302903626708439,0.0008303247659911511,0.000830309327898019
262144,4096,0.0016624675783689438,0.0016625405180664826,0.0016625124600143668
524288,2048,0.0033881117387693643,0.003388286966796765,0.0033881777344360307
1048576,1024,0.015007443587890537,0.015008572595703151,0.015007788308013957
2097152,512,0.03696254141992114,0.03696773881640608,0.036964333243072516
