size (bytes),iterations,min_time (seconds),max_time (seconds),avg_time (seconds)
0,1048576,3.712829732549494e-8,4.048107871135187e-8,3.890927968708269e-8
1,1048576,2.2229728682265915e-6,2.2259310494820994e-6,2.2241760220392814e-6
2,1048576,8.826490887070548e-7,8.85915400816728e-7,8.839661560233747e-7
4,1048576,8.760338563451597e-7,8.792774917054658e-7,8.773518469923358e-7
8,1048576,9.006219217067013e-7,9.033783563427988e-7,9.017153342755213e-7
16,1048576,8.910075646184623e-7,8.943703240227308e-7,8.923727378151725e-7
32,1048576,1.204800190723887e-6,1.2078047233465838e-6,1.2061440056859718e-6
64,1048576,9.515401944160118e-7,9.547145327637452e-7,9.529374208200325e-7
128,1048576,1.883004447256198e-6,1.8863950759229198e-6,1.884513683159117e-6
256,1048576,2.411094773835387e-6,2.4142716155139965e-6,2.412516398778153e-6
512,1048576,2.8765163309074637e-6,2.8833543461725952e-6,2.881355261857843e-6
1024,1048576,3.4731406013399635e-6,3.4855866724026185e-6,3.4831844586691307e-6
2048,524288,6.961488154821893e-6,6.9650948000266055e-6,6.9631377198065e-6
4096,262144,1.0154045657628785e-5,1.015931873649123e-5,1.0156888294365896e-5
8192,131072,1.8092143335479705e-5,1.8098359724660895e-5,1.8095575846421852e-5
16384,65536,3.0088396577809817e-5,3.0094865106633506e-5,3.0092298546113838e-5
32768,32768,6.684552812430411e-5,6.685627298708141e-5,6.685265417516462e-5
65536,16384,0.00011003729377989657,0.00011005232364880158,0.00011004244492074378
131072,8192,0.00019502622143363624,0.00019504840338413487,0.0001950362313554166
262144,4096,0.0003541067877677051,0.0003541858298490297,0.00035413683432494736
524288,2048,0.0006548392885861176,0.000655051224498493,0.0006549215355775573
1048576,1024,0.0012496588844896905,0.0012504952660492563,0.001249976999886826
2097152,512,0.0024119418244481494,0.0024156060408131452,0.0024133971988362646
